first_name,last_name,email,phone_number,ssn
Peter,Gonzalez,pgonzalez@strawbridge.com,795-399-0270x21645,234-38-0587
Ann,Wilson,awilson@strawbridge.com,827.657.5133x8085,850-05-1512
Holly,Hill,hhill@strawbridge.com,(996)546-5648x05399,290-47-4298
Destiny,Valenzuela,dvalenzuela@strawbridge.com,785.509.9230x87676,653-22-6983
Valerie,Martinez,vmartinez@strawbridge.com,+1-439-347-1268x22262,694-24-3904
Heather,Alvarez,halvarez@strawbridge.com,+1-480-645-6530x62647,785-10-0800
Christopher,Monroe,cmonroe@strawbridge.com,001-936-624-5667x44812,768-92-7856
Shawn,Murray,smurray@strawbridge.com,(246)530-1954,898-62-4282
Stacey,Walker,swalker@strawbridge.com,463-668-8748,767-58-7962
Francisco,Simpson,fsimpson@strawbridge.com,+1-839-952-2106x3143,183-76-3221
Pedro,Edwards,pedwards@strawbridge.com,964.514.0320x86136,426-46-7490
Nicole,Butler,nbutler@strawbridge.com,(575)385-1504x08988,575-74-1051
Laura,Clay,lclay@strawbridge.com,609-256-5527x63503,063-69-1139
Matthew,Jones,mjones@strawbridge.com,636.668.0862x87492,326-82-6654
Keith,Tyler,ktyler@strawbridge.com,001-414-694-3590x648,493-85-8943
David,Ray,dray@strawbridge.com,789-847-3223x44889,858-68-5775
Victor,Waters,vwaters@strawbridge.com,432-885-3453x1430,782-58-2190
Suzanne,Howard,showard@strawbridge.com,+1-530-798-5484,363-05-1121
Heather,Fritz,hfritz@strawbridge.com,(721)282-2759,675-51-0079
Amy,Morales,amorales@strawbridge.com,(390)573-0503x6947,127-59-1775
Gregory,Rios,grios@strawbridge.com,3717498403,818-98-4209
Craig,Weiss,cweiss@strawbridge.com,899-950-0025,025-04-1413
Martha,Hodges,mhodges@strawbridge.com,968-288-9149x80859,720-09-8682
Kyle,Moore,kmoore@strawbridge.com,8149197005,516-96-5552
Troy,Harris,tharris@strawbridge.com,+1-636-488-6435x583,059-19-2550
Joseph,Hartman,jhartman@strawbridge.com,(553)634-0030,086-29-8898
Dawn,Russell,drussell@strawbridge.com,(357)251-6353x5843,041-87-4810
Maria,Hoffman,mhoffman@strawbridge.com,839.575.6542x212,084-45-2297
Donald,Myers,dmyers@strawbridge.com,700-723-2736x37430,533-10-4337
Sarah,Hammond,shammond@strawbridge.com,589-548-0296,056-34-7797
Tara,Kramer,tkramer@strawbridge.com,(965)235-1513x95331,711-25-8234
Mallory,Reynolds,mreynolds@strawbridge.com,994-258-5036x8164,288-09-7242
Jonathan,Johnson,jjohnson@strawbridge.com,861-311-4618x15817,691-93-3509
Susan,Marquez,smarquez@strawbridge.com,284.900.6185x0080,469-37-4947
Roy,West,rwest@strawbridge.com,+1-905-469-4019x0144,520-91-1171
Tammy,Johnson,tjohnson@strawbridge.com,681-537-3119x722,617-54-6956
Lauren,Owens,lowens@strawbridge.com,(847)862-7634x10002,883-13-4616
Heather,Rosales,hrosales@strawbridge.com,(964)340-1039x83147,174-71-9330
Alan,Henry,ahenry@strawbridge.com,3438886494,683-95-2414
Elizabeth,Gomez,egomez@strawbridge.com,+1-717-386-6274,272-56-0029
Aaron,Butler,abutler@strawbridge.com,702-990-4662,163-86-3527
James,Anderson,janderson@strawbridge.com,8278419337,660-18-0338
Logan,Hammond,lhammond@strawbridge.com,(915)707-9815,280-83-7963
Deanna,Rollins,drollins@strawbridge.com,670-425-0184x603,374-02-7763
Michael,Butler,mbutler@strawbridge.com,+1-675-819-7496x898,659-51-3675
Derek,Brooks,dbrooks@strawbridge.com,(931)555-9577x8852,023-22-4360
Jacob,Garcia,jgarcia@strawbridge.com,679.761.4186,103-59-9374
Brian,Thomas,bthomas@strawbridge.com,412.522.2142x739,246-67-4401
Steven,Hernandez,shernandez@strawbridge.com,394.769.1929x98989,002-62-3132
Dawn,Erickson,derickson@strawbridge.com,(608)807-6142x84733,862-96-8430
